{"epoch":0,"trainer/global_step":36,"train_loss_pol":1.0398266315460205,"_runtime":2.72569338,"train_loss_time":2.2564751540224e+15,"graph_0":{"_type":"graph-file","sha256":"d9376b1e1dda008929b16d6c62deffdbb16e3385c51f49d0dce034d3aff8f00c","size":5399,"path":"media/graph/graph_0_summary_d9376b1e1dda008929b1.graph.json"},"_timestamp":1.7452556739391942e+09,"_wandb":{"runtime":49},"train_loss":2.2564751540224e+15,"_step":36}