{"epoch":0,"_timestamp":1.745255109619342e+09,"_runtime":58.491637652,"train_loss_pol":0.9736307263374329,"trainer/global_step":40,"_step":40,"_wandb":{"runtime":60},"graph_0":{"_type":"graph-file","sha256":"7211d43667469362119e7f51b321192ecf2f8c083b2954e34d347ebe6a2d643d","size":5413,"path":"media/graph/graph_0_summary_7211d43667469362119e.graph.json"},"train_loss":7.70508207423488e+14,"train_loss_time":7.70508207423488e+14}