{"trainer/global_step":36,"train_loss":2.2564751540224e+15,"graph_0":{"path":"media/graph/graph_0_summary_b8e74082af8893c11a2b.graph.json","_type":"graph-file","sha256":"b8e74082af8893c11a2b690444adf19768f6b2f9f71775f30118bc7a8b835027","size":5399},"_step":36,"_timestamp":1.745255743969324e+09,"_wandb":{"runtime":3},"epoch":0,"train_loss_pol":1.0398266315460205,"_runtime":2.626544182,"train_loss_time":2.2564751540224e+15}