{"trainer/global_step":36,"epoch":0,"_runtime":2.505761734,"_wandb":{"runtime":3},"train_loss_time":2.2564751540224e+15,"train_loss_pol":1.0398266315460205,"graph_0":{"sha256":"c56cf85b019c5594a1a66bf6fa2cffd8880e030304a11fbfea4d5d50ba201545","size":5399,"path":"media/graph/graph_0_summary_c56cf85b019c5594a1a6.graph.json","_type":"graph-file"},"train_loss":2.2564751540224e+15,"_timestamp":1.7452557531771932e+09,"_step":36}