{"trainer/global_step":40,"_timestamp":1.7452558815144036e+09,"train_loss_time":7.70051128950784e+14,"graph_0":{"_type":"graph-file","sha256":"799cd86fee154397a525e94d8deeedbcc4478dbccffbb82b3ab1a60e2c79a906","size":5413,"path":"media/graph/graph_0_summary_799cd86fee154397a525.graph.json"},"_wandb":{"runtime":14},"epoch":0,"_runtime":12.734278356,"_step":40,"train_loss_pol":1.0022388696670532,"train_loss":7.70051128950784e+14}