{"epoch":0,"train_loss_time":2.5591512301568e+14,"trainer/global_step":10,"_timestamp":1.745255902639305e+09,"_runtime":5.639028075,"_step":10,"_wandb":{"runtime":7},"train_loss_pol":0.9947566390037537,"graph_0":{"_type":"graph-file","sha256":"059469d54417a38c1b6b60b0e63a4961a9dffb2a4a8cc279dbf405053952a9ab","size":5413,"path":"media/graph/graph_0_summary_059469d54417a38c1b6b.graph.json"},"train_loss":2.5591512301568e+14}