{"graph_0":{"_type":"graph-file","sha256":"8ab07332c8cacc311896984b65084d9398386210463f1b3e84d6d8822d333ff5","size":5399,"path":"media/graph/graph_0_summary_8ab07332c8cacc311896.graph.json"},"train_loss_pol":1.0398266315460205,"_timestamp":1.7452557854925337e+09,"train_loss_time":2.2564751540224e+15,"train_loss":2.2564751540224e+15,"_wandb":{"runtime":3},"_runtime":2.656103333,"epoch":0,"_step":36,"trainer/global_step":36}