{"train_loss_pol":1.0398266315460205,"trainer/global_step":36,"_step":36,"graph_0":{"size":5399,"path":"media/graph/graph_0_summary_f0daae9c2fc82d930c10.graph.json","_type":"graph-file","sha256":"f0daae9c2fc82d930c10b8936e9e4b86f37c81947840f2d6a3495c7a6e3486ba"},"_wandb":{"runtime":3},"_timestamp":1.7452558265943189e+09,"_runtime":2.488182481,"epoch":0,"train_loss":2.2564751540224e+15,"train_loss_time":2.2564751540224e+15}