{"train_loss":2.2564751540224e+15,"_runtime":2.536344789,"train_loss_time":2.2564751540224e+15,"trainer/global_step":36,"epoch":0,"graph_0":{"_type":"graph-file","sha256":"21c0e2fce3d537df58d06648b191bffed72b854c053b3c6387fde2d4083288cd","size":5399,"path":"media/graph/graph_0_summary_21c0e2fce3d537df58d0.graph.json"},"_wandb":{"runtime":3},"_step":36,"train_loss_pol":1.0398266315460205,"_timestamp":1.7452556202238698e+09}