{"_runtime":2.192584174,"_timestamp":1.7452557293730803e+09,"graph_0":{"path":"media/graph/graph_0_summary_9402e83023639b827fda.graph.json","_type":"graph-file","sha256":"9402e83023639b827fda2f6e137e1e5fde0a520d0eb07efb0a1708df3ac00228","size":5399},"trainer/global_step":36,"train_loss_pol":1.0158400535583496,"train_loss":2.2564751540224e+15,"train_loss_time":2.2564751540224e+15,"_step":36,"epoch":0,"_wandb":{"runtime":2}}